{
	"name": "mg-living-world-tools",
	"title": "Master Geese's Living World Tools",
	"description": "A set of tools for running campaigns in a 'Living World' format",
	"version": "1.0.0",
	"author": "Khankar#2236",
	"minimumCoreVersion": "0.9.0",
	"compatibleCoreVersion": "0.9.0",
	"esmodules": ["src/index.js"],
	"styles": ["css/samplecss.css"],
	"languages": [
		{ "lang": "en", "name": "English", "path": "lang/en.json" }
	],
	"url":		"https://github.com/TheMasterGeese/mg-living-world-tools",
	"license":	"https://github.com/TheMasterGeese/mg-living-world-tools/blob/main/LICENSE",
	"manifest":	"https://raw.githubusercontent.com/TheMasterGeese/mg-living-world-tools/main/bundle/module.json",
	"download":	"https://raw.githubusercontent.com/TheMasterGeese/mg-living-world-tools/main/bundle/mg-living-world-tools.zip",
	"readme":	"https://github.com/TheMasterGeese/mg-living-world-tools/blob/main/README.md",
	"changelog":"https://github.com/TheMasterGeese/mg-living-world-tools/blob/main/CHANGELOG.md"
}

